{
  "fio version" : "fio-3.41",
  "timestamp" : 1774956337,
  "timestamp_ms" : 1774956337709,
  "time" : "Tue Mar 31 20:25:37 2026",
  "jobs" : [
    {
      "jobname" : "seq_write_4k",
      "groupid" : 0,
      "job_start" : 1774956322618,
      "error" : 0,
      "eta" : 0,
      "elapsed" : 16,
      "job options" : {
        "name" : "seq_write_4k",
        "directory" : "/tmp/fio_benchmark",
        "rw" : "write",
        "bs" : "4k",
        "size" : "256M",
        "numjobs" : "1",
        "time_based" : "",
        "runtime" : "15",
        "group_reporting" : "",
        "ioengine" : "posixaio",
        "direct" : "1",
        "fdatasync" : "1"
      },
      "read" : {
        "io_bytes" : 0,
        "io_kbytes" : 0,
        "bw_bytes" : 0,
        "bw" : 0,
        "iops" : 0.000000,
        "runtime" : 0,
        "total_ios" : 0,
        "short_ios" : 106852,
        "drop_ios" : 0,
        "slat_ns" : {
          "min" : 0,
          "max" : 0,
          "mean" : 0.000000,
          "stddev" : 0.000000,
          "N" : 0
        },
        "clat_ns" : {
          "min" : 0,
          "max" : 0,
          "mean" : 0.000000,
          "stddev" : 0.000000,
          "N" : 0
        },
        "lat_ns" : {
          "min" : 0,
          "max" : 0,
          "mean" : 0.000000,
          "stddev" : 0.000000,
          "N" : 0
        },
        "bw_min" : 0,
        "bw_max" : 0,
        "bw_agg" : 0.000000,
        "bw_mean" : 0.000000,
        "bw_dev" : 0.000000,
        "bw_samples" : 0,
        "iops_min" : 0,
        "iops_max" : 0,
        "iops_mean" : 0.000000,
        "iops_stddev" : 0.000000,
        "iops_samples" : 0
      },
      "write" : {
        "io_bytes" : 437669888,
        "io_kbytes" : 427412,
        "bw_bytes" : 29176047,
        "bw" : 28492,
        "iops" : 7123.058463,
        "runtime" : 15001,
        "total_ios" : 106853,
        "short_ios" : 0,
        "drop_ios" : 0,
        "slat_ns" : {
          "min" : 0,
          "max" : 102000,
          "mean" : 783.150684,
          "stddev" : 1456.832096,
          "N" : 106853
        },
        "clat_ns" : {
          "min" : 0,
          "max" : 8482000,
          "mean" : 115205.862259,
          "stddev" : 363676.551740,
          "N" : 106853,
          "percentile" : {
            "1.000000" : 20096,
            "5.000000" : 21120,
            "10.000000" : 21888,
            "20.000000" : 22912,
            "30.000000" : 24960,
            "40.000000" : 25984,
            "50.000000" : 27008,
            "60.000000" : 29056,
            "70.000000" : 34048,
            "80.000000" : 86528,
            "90.000000" : 114176,
            "95.000000" : 346112,
            "99.000000" : 2179072,
            "99.500000" : 2441216,
            "99.900000" : 3883008,
            "99.950000" : 4816896,
            "99.990000" : 5931008
          }
        },
        "lat_ns" : {
          "min" : 19000,
          "max" : 8483000,
          "mean" : 115989.012943,
          "stddev" : 363695.325042,
          "N" : 106853
        },
        "bw_min" : 6533,
        "bw_max" : 46347,
        "bw_agg" : 99.244589,
        "bw_mean" : 28277.862069,
        "bw_dev" : 13634.188859,
        "bw_samples" : 29,
        "iops_min" : 1633,
        "iops_max" : 11586,
        "iops_mean" : 7069.137931,
        "iops_stddev" : 3408.484442,
        "iops_samples" : 29
      },
      "trim" : {
        "io_bytes" : 0,
        "io_kbytes" : 0,
        "bw_bytes" : 0,
        "bw" : 0,
        "iops" : 0.000000,
        "runtime" : 0,
        "total_ios" : 0,
        "short_ios" : 0,
        "drop_ios" : 0,
        "slat_ns" : {
          "min" : 0,
          "max" : 0,
          "mean" : 0.000000,
          "stddev" : 0.000000,
          "N" : 0
        },
        "clat_ns" : {
          "min" : 0,
          "max" : 0,
          "mean" : 0.000000,
          "stddev" : 0.000000,
          "N" : 0
        },
        "lat_ns" : {
          "min" : 0,
          "max" : 0,
          "mean" : 0.000000,
          "stddev" : 0.000000,
          "N" : 0
        },
        "bw_min" : 0,
        "bw_max" : 0,
        "bw_agg" : 0.000000,
        "bw_mean" : 0.000000,
        "bw_dev" : 0.000000,
        "bw_samples" : 0,
        "iops_min" : 0,
        "iops_max" : 0,
        "iops_mean" : 0.000000,
        "iops_stddev" : 0.000000,
        "iops_samples" : 0
      },
      "sync" : {
        "total_ios" : 0,
        "lat_ns" : {
          "min" : 0,
          "max" : 8555000,
          "mean" : 23179.425748,
          "stddev" : 53616.902509,
          "N" : 106852,
          "percentile" : {
            "1.000000" : 16064,
            "5.000000" : 17024,
            "10.000000" : 18048,
            "20.000000" : 19072,
            "30.000000" : 20096,
            "40.000000" : 21120,
            "50.000000" : 21888,
            "60.000000" : 22912,
            "70.000000" : 23936,
            "80.000000" : 24960,
            "90.000000" : 27008,
            "95.000000" : 29056,
            "99.000000" : 44800,
            "99.500000" : 55040,
            "99.900000" : 89600,
            "99.950000" : 100864,
            "99.990000" : 987136
          }
        }
      },
      "job_runtime" : 15000,
      "usr_cpu" : 1.400000,
      "sys_cpu" : 3.413333,
      "ctx" : 217380,
      "majf" : 0,
      "minf" : 13,
      "iodepth_level" : {
        "1" : 199.999064,
        "2" : 0.000000,
        "4" : 0.000000,
        "8" : 0.000000,
        "16" : 0.000000,
        "32" : 0.000000,
        ">=64" : 0.000000
      },
      "iodepth_submit" : {
        "0" : 0.000000,
        "4" : 100.000000,
        "8" : 0.000000,
        "16" : 0.000000,
        "32" : 0.000000,
        "64" : 0.000000,
        ">=64" : 0.000000
      },
      "iodepth_complete" : {
        "0" : 0.000000,
        "4" : 100.000000,
        "8" : 0.000000,
        "16" : 0.000000,
        "32" : 0.000000,
        "64" : 0.000000,
        ">=64" : 0.000000
      },
      "latency_ns" : {
        "2" : 0.012166,
        "4" : 0.000000,
        "10" : 0.000000,
        "20" : 0.000000,
        "50" : 0.000000,
        "100" : 0.000000,
        "250" : 0.000000,
        "500" : 0.000000,
        "750" : 0.000000,
        "1000" : 0.000000
      },
      "latency_us" : {
        "2" : 0.014974,
        "4" : 0.010000,
        "10" : 0.020589,
        "20" : 0.860996,
        "50" : 72.432220,
        "100" : 12.593002,
        "250" : 8.390967,
        "500" : 1.075309,
        "750" : 0.103881,
        "1000" : 0.105753
      },
      "latency_ms" : {
        "2" : 3.324193,
        "4" : 0.964877,
        "10" : 0.096394,
        "20" : 0.000000,
        "50" : 0.000000,
        "100" : 0.000000,
        "250" : 0.000000,
        "500" : 0.000000,
        "750" : 0.000000,
        "1000" : 0.000000,
        "2000" : 0.000000,
        ">=2000" : 0.000000
      },
      "latency_depth" : 1,
      "latency_target" : 0,
      "latency_percentile" : 100.000000,
      "latency_window" : 0
    }
  ]
}
