{
  "fio version" : "fio-3.41",
  "timestamp" : 1774956290,
  "timestamp_ms" : 1774956290899,
  "time" : "Tue Mar 31 20:24:50 2026",
  "jobs" : [
    {
      "jobname" : "rand_read_4k",
      "groupid" : 0,
      "job_start" : 1774956275819,
      "error" : 0,
      "eta" : 0,
      "elapsed" : 16,
      "job options" : {
        "name" : "rand_read_4k",
        "directory" : "/tmp/fio_benchmark",
        "rw" : "randread",
        "bs" : "4k",
        "size" : "256M",
        "numjobs" : "4",
        "time_based" : "",
        "runtime" : "15",
        "group_reporting" : "",
        "ioengine" : "posixaio",
        "direct" : "1",
        "iodepth" : "32"
      },
      "read" : {
        "io_bytes" : 2795069440,
        "io_kbytes" : 2729560,
        "bw_bytes" : 186313120,
        "bw" : 181946,
        "iops" : 45486.601786,
        "runtime" : 15002,
        "total_ios" : 682390,
        "short_ios" : 0,
        "drop_ios" : 0,
        "slat_ns" : {
          "min" : 0,
          "max" : 771000,
          "mean" : 338.609886,
          "stddev" : 1698.008954,
          "N" : 682390
        },
        "clat_ns" : {
          "min" : 7000,
          "max" : 23898000,
          "mean" : 1405777.164085,
          "stddev" : 562672.251543,
          "N" : 682390,
          "percentile" : {
            "1.000000" : 921600,
            "5.000000" : 1036288,
            "10.000000" : 1122304,
            "20.000000" : 1204224,
            "30.000000" : 1253376,
            "40.000000" : 1286144,
            "50.000000" : 1318912,
            "60.000000" : 1351680,
            "70.000000" : 1400832,
            "80.000000" : 1466368,
            "90.000000" : 1679360,
            "95.000000" : 2039808,
            "99.000000" : 2965504,
            "99.500000" : 3522560,
            "99.900000" : 8355840,
            "99.950000" : 13565952,
            "99.990000" : 20054016
          }
        },
        "lat_ns" : {
          "min" : 8000,
          "max" : 23898000,
          "mean" : 1406115.773971,
          "stddev" : 562664.232849,
          "N" : 682390
        },
        "bw_min" : 146072,
        "bw_max" : 237239,
        "bw_agg" : 100.000000,
        "bw_mean" : 182144.655172,
        "bw_dev" : 4520.416728,
        "bw_samples" : 116,
        "iops_min" : 36518,
        "iops_max" : 59309,
        "iops_mean" : 45535.137931,
        "iops_stddev" : 1130.112066,
        "iops_samples" : 116
      },
      "write" : {
        "io_bytes" : 0,
        "io_kbytes" : 0,
        "bw_bytes" : 0,
        "bw" : 0,
        "iops" : 0.000000,
        "runtime" : 0,
        "total_ios" : 0,
        "short_ios" : 0,
        "drop_ios" : 0,
        "slat_ns" : {
          "min" : 0,
          "max" : 0,
          "mean" : 0.000000,
          "stddev" : 0.000000,
          "N" : 0
        },
        "clat_ns" : {
          "min" : 0,
          "max" : 0,
          "mean" : 0.000000,
          "stddev" : 0.000000,
          "N" : 0
        },
        "lat_ns" : {
          "min" : 0,
          "max" : 0,
          "mean" : 0.000000,
          "stddev" : 0.000000,
          "N" : 0
        },
        "bw_min" : 0,
        "bw_max" : 0,
        "bw_agg" : 0.000000,
        "bw_mean" : 0.000000,
        "bw_dev" : 0.000000,
        "bw_samples" : 0,
        "iops_min" : 0,
        "iops_max" : 0,
        "iops_mean" : 0.000000,
        "iops_stddev" : 0.000000,
        "iops_samples" : 0
      },
      "trim" : {
        "io_bytes" : 0,
        "io_kbytes" : 0,
        "bw_bytes" : 0,
        "bw" : 0,
        "iops" : 0.000000,
        "runtime" : 0,
        "total_ios" : 0,
        "short_ios" : 0,
        "drop_ios" : 0,
        "slat_ns" : {
          "min" : 0,
          "max" : 0,
          "mean" : 0.000000,
          "stddev" : 0.000000,
          "N" : 0
        },
        "clat_ns" : {
          "min" : 0,
          "max" : 0,
          "mean" : 0.000000,
          "stddev" : 0.000000,
          "N" : 0
        },
        "lat_ns" : {
          "min" : 0,
          "max" : 0,
          "mean" : 0.000000,
          "stddev" : 0.000000,
          "N" : 0
        },
        "bw_min" : 0,
        "bw_max" : 0,
        "bw_agg" : 0.000000,
        "bw_mean" : 0.000000,
        "bw_dev" : 0.000000,
        "bw_samples" : 0,
        "iops_min" : 0,
        "iops_max" : 0,
        "iops_mean" : 0.000000,
        "iops_stddev" : 0.000000,
        "iops_samples" : 0
      },
      "sync" : {
        "total_ios" : 0,
        "lat_ns" : {
          "min" : 0,
          "max" : 0,
          "mean" : 0.000000,
          "stddev" : 0.000000,
          "N" : 0
        }
      },
      "job_runtime" : 60004,
      "usr_cpu" : 2.378175,
      "sys_cpu" : 2.669822,
      "ctx" : 579293,
      "majf" : 0,
      "minf" : 47,
      "iodepth_level" : {
        "1" : 0.100000,
        "2" : 0.100000,
        "4" : 0.241504,
        "8" : 49.553628,
        "16" : 50.094960,
        "32" : 0.000000,
        ">=64" : 0.000000
      },
      "iodepth_submit" : {
        "0" : 0.000000,
        "4" : 100.000000,
        "8" : 0.000000,
        "16" : 0.000000,
        "32" : 0.000000,
        "64" : 0.000000,
        ">=64" : 0.000000
      },
      "iodepth_complete" : {
        "0" : 0.000000,
        "4" : 98.839233,
        "8" : 1.095031,
        "16" : 0.100000,
        "32" : 0.000000,
        "64" : 0.000000,
        ">=64" : 0.000000
      },
      "latency_ns" : {
        "2" : 0.000000,
        "4" : 0.000000,
        "10" : 0.000000,
        "20" : 0.000000,
        "50" : 0.000000,
        "100" : 0.000000,
        "250" : 0.000000,
        "500" : 0.000000,
        "750" : 0.000000,
        "1000" : 0.000000
      },
      "latency_us" : {
        "2" : 0.000000,
        "4" : 0.000000,
        "10" : 0.010000,
        "20" : 0.010000,
        "50" : 0.010000,
        "100" : 0.010000,
        "250" : 0.018758,
        "500" : 0.066384,
        "750" : 0.089245,
        "1000" : 3.159337
      },
      "latency_ms" : {
        "2" : 91.332083,
        "4" : 4.994212,
        "10" : 0.261288,
        "20" : 0.062135,
        "50" : 0.010000,
        "100" : 0.000000,
        "250" : 0.000000,
        "500" : 0.000000,
        "750" : 0.000000,
        "1000" : 0.000000,
        "2000" : 0.000000,
        ">=2000" : 0.000000
      },
      "latency_depth" : 32,
      "latency_target" : 0,
      "latency_percentile" : 100.000000,
      "latency_window" : 0
    }
  ]
}
