{
  "fio version" : "fio-3.41",
  "timestamp" : 1774956322,
  "timestamp_ms" : 1774956322383,
  "time" : "Tue Mar 31 20:25:22 2026",
  "jobs" : [
    {
      "jobname" : "mixed_rw_4k",
      "groupid" : 0,
      "job_start" : 1774956307296,
      "error" : 0,
      "eta" : 0,
      "elapsed" : 16,
      "job options" : {
        "name" : "mixed_rw_4k",
        "directory" : "/tmp/fio_benchmark",
        "rw" : "randrw",
        "rwmixread" : "70",
        "bs" : "4k",
        "size" : "256M",
        "numjobs" : "4",
        "time_based" : "",
        "runtime" : "15",
        "group_reporting" : "",
        "ioengine" : "posixaio",
        "direct" : "1",
        "iodepth" : "32"
      },
      "read" : {
        "io_bytes" : 1551208448,
        "io_kbytes" : 1514852,
        "bw_bytes" : 103386326,
        "bw" : 100963,
        "iops" : 25240.802453,
        "runtime" : 15004,
        "total_ios" : 378713,
        "short_ios" : 0,
        "drop_ios" : 0,
        "slat_ns" : {
          "min" : 0,
          "max" : 2082000,
          "mean" : 373.977128,
          "stddev" : 3914.411008,
          "N" : 378713
        },
        "clat_ns" : {
          "min" : 28000,
          "max" : 16366000,
          "mean" : 1760419.528772,
          "stddev" : 1019948.435449,
          "N" : 378713,
          "percentile" : {
            "1.000000" : 815104,
            "5.000000" : 978944,
            "10.000000" : 1044480,
            "20.000000" : 1122304,
            "30.000000" : 1187840,
            "40.000000" : 1269760,
            "50.000000" : 1368064,
            "60.000000" : 1515520,
            "70.000000" : 1712128,
            "80.000000" : 2342912,
            "90.000000" : 2965504,
            "95.000000" : 4014080,
            "99.000000" : 5341184,
            "99.500000" : 6455296,
            "99.900000" : 8978432,
            "99.950000" : 9502720,
            "99.990000" : 14614528
          }
        },
        "lat_ns" : {
          "min" : 108000,
          "max" : 16366000,
          "mean" : 1760793.505900,
          "stddev" : 1019954.368770,
          "N" : 378713
        },
        "bw_min" : 76901,
        "bw_max" : 135383,
        "bw_agg" : 100.000000,
        "bw_mean" : 101621.689655,
        "bw_dev" : 4272.109628,
        "bw_samples" : 116,
        "iops_min" : 19225,
        "iops_max" : 33845,
        "iops_mean" : 25404.448276,
        "iops_stddev" : 1067.968524,
        "iops_samples" : 116
      },
      "write" : {
        "io_bytes" : 666984448,
        "io_kbytes" : 651352,
        "bw_bytes" : 44453775,
        "bw" : 43411,
        "iops" : 10852.972541,
        "runtime" : 15004,
        "total_ios" : 162838,
        "short_ios" : 0,
        "drop_ios" : 0,
        "slat_ns" : {
          "min" : 0,
          "max" : 171000,
          "mean" : 577.635441,
          "stddev" : 1403.880000,
          "N" : 162838
        },
        "clat_ns" : {
          "min" : 130000,
          "max" : 16234000,
          "mean" : 1797501.252779,
          "stddev" : 1035647.766867,
          "N" : 162838,
          "percentile" : {
            "1.000000" : 839680,
            "5.000000" : 995328,
            "10.000000" : 1056768,
            "20.000000" : 1138688,
            "30.000000" : 1204224,
            "40.000000" : 1286144,
            "50.000000" : 1400832,
            "60.000000" : 1548288,
            "70.000000" : 1744896,
            "80.000000" : 2375680,
            "90.000000" : 3063808,
            "95.000000" : 4079616,
            "99.000000" : 5472256,
            "99.500000" : 6520832,
            "99.900000" : 8847360,
            "99.950000" : 9502720,
            "99.990000" : 14614528
          }
        },
        "lat_ns" : {
          "min" : 131000,
          "max" : 16234000,
          "mean" : 1798078.888220,
          "stddev" : 1035688.692600,
          "N" : 162838
        },
        "bw_min" : 33280,
        "bw_max" : 60062,
        "bw_agg" : 100.000000,
        "bw_mean" : 43695.000000,
        "bw_dev" : 1847.869768,
        "bw_samples" : 116,
        "iops_min" : 8320,
        "iops_max" : 15014,
        "iops_mean" : 10922.482759,
        "iops_stddev" : 461.899282,
        "iops_samples" : 116
      },
      "trim" : {
        "io_bytes" : 0,
        "io_kbytes" : 0,
        "bw_bytes" : 0,
        "bw" : 0,
        "iops" : 0.000000,
        "runtime" : 0,
        "total_ios" : 0,
        "short_ios" : 0,
        "drop_ios" : 0,
        "slat_ns" : {
          "min" : 0,
          "max" : 0,
          "mean" : 0.000000,
          "stddev" : 0.000000,
          "N" : 0
        },
        "clat_ns" : {
          "min" : 0,
          "max" : 0,
          "mean" : 0.000000,
          "stddev" : 0.000000,
          "N" : 0
        },
        "lat_ns" : {
          "min" : 0,
          "max" : 0,
          "mean" : 0.000000,
          "stddev" : 0.000000,
          "N" : 0
        },
        "bw_min" : 0,
        "bw_max" : 0,
        "bw_agg" : 0.000000,
        "bw_mean" : 0.000000,
        "bw_dev" : 0.000000,
        "bw_samples" : 0,
        "iops_min" : 0,
        "iops_max" : 0,
        "iops_mean" : 0.000000,
        "iops_stddev" : 0.000000,
        "iops_samples" : 0
      },
      "sync" : {
        "total_ios" : 0,
        "lat_ns" : {
          "min" : 0,
          "max" : 0,
          "mean" : 0.000000,
          "stddev" : 0.000000,
          "N" : 0
        }
      },
      "job_runtime" : 60007,
      "usr_cpu" : 2.048094,
      "sys_cpu" : 2.403053,
      "ctx" : 476588,
      "majf" : 0,
      "minf" : 44,
      "iodepth_level" : {
        "1" : 0.100000,
        "2" : 0.100000,
        "4" : 0.127966,
        "8" : 48.248641,
        "16" : 51.563011,
        "32" : 0.000000,
        ">=64" : 0.000000
      },
      "iodepth_submit" : {
        "0" : 0.000000,
        "4" : 100.000000,
        "8" : 0.000000,
        "16" : 0.000000,
        "32" : 0.000000,
        "64" : 0.000000,
        ">=64" : 0.000000
      },
      "iodepth_complete" : {
        "0" : 0.000000,
        "4" : 98.889490,
        "8" : 1.078148,
        "16" : 0.100000,
        "32" : 0.000000,
        "64" : 0.000000,
        ">=64" : 0.000000
      },
      "latency_ns" : {
        "2" : 0.000000,
        "4" : 0.000000,
        "10" : 0.000000,
        "20" : 0.000000,
        "50" : 0.000000,
        "100" : 0.000000,
        "250" : 0.000000,
        "500" : 0.000000,
        "750" : 0.000000,
        "1000" : 0.000000
      },
      "latency_us" : {
        "2" : 0.000000,
        "4" : 0.000000,
        "10" : 0.000000,
        "20" : 0.000000,
        "50" : 0.010000,
        "100" : 0.010000,
        "250" : 0.010000,
        "500" : 0.029914,
        "750" : 0.257963,
        "1000" : 5.561803
      },
      "latency_ms" : {
        "2" : 69.826665,
        "4" : 18.928042,
        "10" : 5.350558,
        "20" : 0.036931,
        "50" : 0.000000,
        "100" : 0.000000,
        "250" : 0.000000,
        "500" : 0.000000,
        "750" : 0.000000,
        "1000" : 0.000000,
        "2000" : 0.000000,
        ">=2000" : 0.000000
      },
      "latency_depth" : 32,
      "latency_target" : 0,
      "latency_percentile" : 100.000000,
      "latency_window" : 0
    }
  ]
}
