{
  "fio version" : "fio-3.41",
  "timestamp" : 1774956273,
  "timestamp_ms" : 1774956273426,
  "time" : "Tue Mar 31 20:24:33 2026",
  "jobs" : [
    {
      "jobname" : "seq_write_128k",
      "groupid" : 0,
      "job_start" : 1774956258318,
      "error" : 0,
      "eta" : 0,
      "elapsed" : 16,
      "job options" : {
        "name" : "seq_write_128k",
        "directory" : "/tmp/fio_benchmark",
        "rw" : "write",
        "bs" : "128k",
        "size" : "256M",
        "numjobs" : "4",
        "time_based" : "",
        "runtime" : "15",
        "group_reporting" : "",
        "ioengine" : "posixaio",
        "direct" : "1"
      },
      "read" : {
        "io_bytes" : 0,
        "io_kbytes" : 0,
        "bw_bytes" : 0,
        "bw" : 0,
        "iops" : 0.000000,
        "runtime" : 0,
        "total_ios" : 0,
        "short_ios" : 0,
        "drop_ios" : 0,
        "slat_ns" : {
          "min" : 0,
          "max" : 0,
          "mean" : 0.000000,
          "stddev" : 0.000000,
          "N" : 0
        },
        "clat_ns" : {
          "min" : 0,
          "max" : 0,
          "mean" : 0.000000,
          "stddev" : 0.000000,
          "N" : 0
        },
        "lat_ns" : {
          "min" : 0,
          "max" : 0,
          "mean" : 0.000000,
          "stddev" : 0.000000,
          "N" : 0
        },
        "bw_min" : 0,
        "bw_max" : 0,
        "bw_agg" : 0.000000,
        "bw_mean" : 0.000000,
        "bw_dev" : 0.000000,
        "bw_samples" : 0,
        "iops_min" : 0,
        "iops_max" : 0,
        "iops_mean" : 0.000000,
        "iops_stddev" : 0.000000,
        "iops_samples" : 0
      },
      "write" : {
        "io_bytes" : 15642263552,
        "io_kbytes" : 15275648,
        "bw_bytes" : 1042678546,
        "bw" : 1018240,
        "iops" : 7955.005999,
        "runtime" : 15002,
        "total_ios" : 119341,
        "short_ios" : 0,
        "drop_ios" : 0,
        "slat_ns" : {
          "min" : 1000,
          "max" : 9253000,
          "mean" : 5539.403893,
          "stddev" : 54876.237641,
          "N" : 119341
        },
        "clat_ns" : {
          "min" : 0,
          "max" : 540111000,
          "mean" : 496776.916567,
          "stddev" : 3733687.524228,
          "N" : 119341,
          "percentile" : {
            "1.000000" : 50944,
            "5.000000" : 61184,
            "10.000000" : 64768,
            "20.000000" : 90624,
            "30.000000" : 107008,
            "40.000000" : 116224,
            "50.000000" : 129536,
            "60.000000" : 183296,
            "70.000000" : 444416,
            "80.000000" : 774144,
            "90.000000" : 962560,
            "95.000000" : 1269760,
            "99.000000" : 5537792,
            "99.500000" : 7831552,
            "99.900000" : 15007744,
            "99.950000" : 15925248,
            "99.990000" : 23986176
          }
        },
        "lat_ns" : {
          "min" : 44000,
          "max" : 540112000,
          "mean" : 502316.320460,
          "stddev" : 3734203.750920,
          "N" : 119341
        },
        "bw_min" : 52719,
        "bw_max" : 4312730,
        "bw_agg" : 100.000000,
        "bw_mean" : 1028034.344828,
        "bw_dev" : 268448.456402,
        "bw_samples" : 116,
        "iops_min" : 408,
        "iops_max" : 33692,
        "iops_mean" : 8029.655172,
        "iops_stddev" : 2097.392657,
        "iops_samples" : 116
      },
      "trim" : {
        "io_bytes" : 0,
        "io_kbytes" : 0,
        "bw_bytes" : 0,
        "bw" : 0,
        "iops" : 0.000000,
        "runtime" : 0,
        "total_ios" : 0,
        "short_ios" : 0,
        "drop_ios" : 0,
        "slat_ns" : {
          "min" : 0,
          "max" : 0,
          "mean" : 0.000000,
          "stddev" : 0.000000,
          "N" : 0
        },
        "clat_ns" : {
          "min" : 0,
          "max" : 0,
          "mean" : 0.000000,
          "stddev" : 0.000000,
          "N" : 0
        },
        "lat_ns" : {
          "min" : 0,
          "max" : 0,
          "mean" : 0.000000,
          "stddev" : 0.000000,
          "N" : 0
        },
        "bw_min" : 0,
        "bw_max" : 0,
        "bw_agg" : 0.000000,
        "bw_mean" : 0.000000,
        "bw_dev" : 0.000000,
        "bw_samples" : 0,
        "iops_min" : 0,
        "iops_max" : 0,
        "iops_mean" : 0.000000,
        "iops_stddev" : 0.000000,
        "iops_samples" : 0
      },
      "sync" : {
        "total_ios" : 0,
        "lat_ns" : {
          "min" : 0,
          "max" : 0,
          "mean" : 0.000000,
          "stddev" : 0.000000,
          "N" : 0
        }
      },
      "job_runtime" : 60002,
      "usr_cpu" : 0.588314,
      "sys_cpu" : 0.844972,
      "ctx" : 139577,
      "majf" : 0,
      "minf" : 48,
      "iodepth_level" : {
        "1" : 100.000000,
        "2" : 0.000000,
        "4" : 0.000000,
        "8" : 0.000000,
        "16" : 0.000000,
        "32" : 0.000000,
        ">=64" : 0.000000
      },
      "iodepth_submit" : {
        "0" : 0.000000,
        "4" : 100.000000,
        "8" : 0.000000,
        "16" : 0.000000,
        "32" : 0.000000,
        "64" : 0.000000,
        ">=64" : 0.000000
      },
      "iodepth_complete" : {
        "0" : 0.000000,
        "4" : 100.000000,
        "8" : 0.000000,
        "16" : 0.000000,
        "32" : 0.000000,
        "64" : 0.000000,
        ">=64" : 0.000000
      },
      "latency_ns" : {
        "2" : 0.020110,
        "4" : 0.000000,
        "10" : 0.000000,
        "20" : 0.000000,
        "50" : 0.000000,
        "100" : 0.000000,
        "250" : 0.000000,
        "500" : 0.000000,
        "750" : 0.000000,
        "1000" : 0.000000
      },
      "latency_us" : {
        "2" : 0.030166,
        "4" : 0.019273,
        "10" : 0.012569,
        "20" : 0.010893,
        "50" : 0.682917,
        "100" : 23.656581,
        "250" : 37.955941,
        "500" : 8.249470,
        "750" : 7.144234,
        "1000" : 12.747505
      },
      "latency_ms" : {
        "2" : 7.300090,
        "4" : 0.869777,
        "10" : 1.159702,
        "20" : 0.128204,
        "50" : 0.010000,
        "100" : 0.000000,
        "250" : 0.000000,
        "500" : 0.010000,
        "750" : 0.010000,
        "1000" : 0.000000,
        "2000" : 0.000000,
        ">=2000" : 0.000000
      },
      "latency_depth" : 1,
      "latency_target" : 0,
      "latency_percentile" : 100.000000,
      "latency_window" : 0
    }
  ]
}
