{
  "fio version" : "fio-3.41",
  "timestamp" : 1774956306,
  "timestamp_ms" : 1774956306453,
  "time" : "Tue Mar 31 20:25:06 2026",
  "jobs" : [
    {
      "jobname" : "rand_write_4k",
      "groupid" : 0,
      "job_start" : 1774956291372,
      "error" : 0,
      "eta" : 0,
      "elapsed" : 16,
      "job options" : {
        "name" : "rand_write_4k",
        "directory" : "/tmp/fio_benchmark",
        "rw" : "randwrite",
        "bs" : "4k",
        "size" : "256M",
        "numjobs" : "4",
        "time_based" : "",
        "runtime" : "15",
        "group_reporting" : "",
        "ioengine" : "posixaio",
        "direct" : "1",
        "iodepth" : "32"
      },
      "read" : {
        "io_bytes" : 0,
        "io_kbytes" : 0,
        "bw_bytes" : 0,
        "bw" : 0,
        "iops" : 0.000000,
        "runtime" : 0,
        "total_ios" : 0,
        "short_ios" : 0,
        "drop_ios" : 0,
        "slat_ns" : {
          "min" : 0,
          "max" : 0,
          "mean" : 0.000000,
          "stddev" : 0.000000,
          "N" : 0
        },
        "clat_ns" : {
          "min" : 0,
          "max" : 0,
          "mean" : 0.000000,
          "stddev" : 0.000000,
          "N" : 0
        },
        "lat_ns" : {
          "min" : 0,
          "max" : 0,
          "mean" : 0.000000,
          "stddev" : 0.000000,
          "N" : 0
        },
        "bw_min" : 0,
        "bw_max" : 0,
        "bw_agg" : 0.000000,
        "bw_mean" : 0.000000,
        "bw_dev" : 0.000000,
        "bw_samples" : 0,
        "iops_min" : 0,
        "iops_max" : 0,
        "iops_mean" : 0.000000,
        "iops_stddev" : 0.000000,
        "iops_samples" : 0
      },
      "write" : {
        "io_bytes" : 1364160512,
        "io_kbytes" : 1332188,
        "bw_bytes" : 90931909,
        "bw" : 88800,
        "iops" : 22200.173310,
        "runtime" : 15002,
        "total_ios" : 333047,
        "short_ios" : 0,
        "drop_ios" : 0,
        "slat_ns" : {
          "min" : 0,
          "max" : 3086000,
          "mean" : 392.599243,
          "stddev" : 5449.959579,
          "N" : 333047
        },
        "clat_ns" : {
          "min" : 116000,
          "max" : 53908000,
          "mean" : 2881382.135254,
          "stddev" : 2480643.767195,
          "N" : 333047,
          "percentile" : {
            "1.000000" : 1318912,
            "5.000000" : 1449984,
            "10.000000" : 1597440,
            "20.000000" : 1875968,
            "30.000000" : 2146304,
            "40.000000" : 2441216,
            "50.000000" : 2670592,
            "60.000000" : 2834432,
            "70.000000" : 2932736,
            "80.000000" : 3063808,
            "90.000000" : 3391488,
            "95.000000" : 4177920,
            "99.000000" : 20054016,
            "99.500000" : 22937600,
            "99.900000" : 28442624,
            "99.950000" : 33423360,
            "99.990000" : 38010880
          }
        },
        "lat_ns" : {
          "min" : 160000,
          "max" : 53908000,
          "mean" : 2881774.734497,
          "stddev" : 2480677.439100,
          "N" : 333047
        },
        "bw_min" : 11169,
        "bw_max" : 110588,
        "bw_agg" : 99.878726,
        "bw_mean" : 88693.827586,
        "bw_dev" : 6687.036508,
        "bw_samples" : 116,
        "iops_min" : 2792,
        "iops_max" : 27645,
        "iops_mean" : 22172.206897,
        "iops_stddev" : 1671.682233,
        "iops_samples" : 116
      },
      "trim" : {
        "io_bytes" : 0,
        "io_kbytes" : 0,
        "bw_bytes" : 0,
        "bw" : 0,
        "iops" : 0.000000,
        "runtime" : 0,
        "total_ios" : 0,
        "short_ios" : 0,
        "drop_ios" : 0,
        "slat_ns" : {
          "min" : 0,
          "max" : 0,
          "mean" : 0.000000,
          "stddev" : 0.000000,
          "N" : 0
        },
        "clat_ns" : {
          "min" : 0,
          "max" : 0,
          "mean" : 0.000000,
          "stddev" : 0.000000,
          "N" : 0
        },
        "lat_ns" : {
          "min" : 0,
          "max" : 0,
          "mean" : 0.000000,
          "stddev" : 0.000000,
          "N" : 0
        },
        "bw_min" : 0,
        "bw_max" : 0,
        "bw_agg" : 0.000000,
        "bw_mean" : 0.000000,
        "bw_dev" : 0.000000,
        "bw_samples" : 0,
        "iops_min" : 0,
        "iops_max" : 0,
        "iops_mean" : 0.000000,
        "iops_stddev" : 0.000000,
        "iops_samples" : 0
      },
      "sync" : {
        "total_ios" : 0,
        "lat_ns" : {
          "min" : 0,
          "max" : 0,
          "mean" : 0.000000,
          "stddev" : 0.000000,
          "N" : 0
        }
      },
      "job_runtime" : 60003,
      "usr_cpu" : 1.254937,
      "sys_cpu" : 1.579921,
      "ctx" : 311864,
      "majf" : 0,
      "minf" : 34,
      "iodepth_level" : {
        "1" : 0.100000,
        "2" : 0.100000,
        "4" : 0.100000,
        "8" : 46.227409,
        "16" : 53.709236,
        "32" : 0.000000,
        ">=64" : 0.000000
      },
      "iodepth_submit" : {
        "0" : 0.000000,
        "4" : 100.000000,
        "8" : 0.000000,
        "16" : 0.000000,
        "32" : 0.000000,
        "64" : 0.000000,
        ">=64" : 0.000000
      },
      "iodepth_complete" : {
        "0" : 0.000000,
        "4" : 98.955856,
        "8" : 1.028510,
        "16" : 0.100000,
        "32" : 0.000000,
        "64" : 0.000000,
        ">=64" : 0.000000
      },
      "latency_ns" : {
        "2" : 0.000000,
        "4" : 0.000000,
        "10" : 0.000000,
        "20" : 0.000000,
        "50" : 0.000000,
        "100" : 0.000000,
        "250" : 0.000000,
        "500" : 0.000000,
        "750" : 0.000000,
        "1000" : 0.000000
      },
      "latency_us" : {
        "2" : 0.000000,
        "4" : 0.000000,
        "10" : 0.000000,
        "20" : 0.000000,
        "50" : 0.000000,
        "100" : 0.000000,
        "250" : 0.010000,
        "500" : 0.010000,
        "750" : 0.010000,
        "1000" : 0.010000
      },
      "latency_ms" : {
        "2" : 24.233517,
        "4" : 70.104220,
        "10" : 4.369053,
        "20" : 0.274436,
        "50" : 1.005264,
        "100" : 0.010000,
        "250" : 0.000000,
        "500" : 0.000000,
        "750" : 0.000000,
        "1000" : 0.000000,
        "2000" : 0.000000,
        ">=2000" : 0.000000
      },
      "latency_depth" : 32,
      "latency_target" : 0,
      "latency_percentile" : 100.000000,
      "latency_window" : 0
    }
  ]
}
