{
  "fio version" : "fio-3.41",
  "timestamp" : 1774956257,
  "timestamp_ms" : 1774956257950,
  "time" : "Tue Mar 31 20:24:17 2026",
  "jobs" : [
    {
      "jobname" : "seq_read_128k",
      "groupid" : 0,
      "job_start" : 1774956242886,
      "error" : 0,
      "eta" : 0,
      "elapsed" : 16,
      "job options" : {
        "name" : "seq_read_128k",
        "directory" : "/tmp/fio_benchmark",
        "rw" : "read",
        "bs" : "128k",
        "size" : "256M",
        "numjobs" : "4",
        "time_based" : "",
        "runtime" : "15",
        "group_reporting" : "",
        "ioengine" : "posixaio",
        "direct" : "1"
      },
      "read" : {
        "io_bytes" : 56413650944,
        "io_kbytes" : 55091456,
        "bw_bytes" : 3760659352,
        "bw" : 3672518,
        "iops" : 28691.553896,
        "runtime" : 15001,
        "total_ios" : 430402,
        "short_ios" : 0,
        "drop_ios" : 0,
        "slat_ns" : {
          "min" : 0,
          "max" : 213000,
          "mean" : 1230.958499,
          "stddev" : 2735.794284,
          "N" : 430402
        },
        "clat_ns" : {
          "min" : 0,
          "max" : 2596000,
          "mean" : 137970.395119,
          "stddev" : 67304.836007,
          "N" : 430402,
          "percentile" : {
            "1.000000" : 10944,
            "5.000000" : 11968,
            "10.000000" : 12992,
            "20.000000" : 126464,
            "30.000000" : 136192,
            "40.000000" : 144384,
            "50.000000" : 152576,
            "60.000000" : 160768,
            "70.000000" : 166912,
            "80.000000" : 173056,
            "90.000000" : 183296,
            "95.000000" : 191488,
            "99.000000" : 234496,
            "99.500000" : 321536,
            "99.900000" : 724992,
            "99.950000" : 757760,
            "99.990000" : 1011712
          }
        },
        "lat_ns" : {
          "min" : 10000,
          "max" : 2601000,
          "mean" : 139201.353618,
          "stddev" : 67305.790781,
          "N" : 430402
        },
        "bw_min" : 2257826,
        "bw_max" : 9371025,
        "bw_agg" : 100.000000,
        "bw_mean" : 3688895.068966,
        "bw_dev" : 577149.388457,
        "bw_samples" : 116,
        "iops_min" : 17636,
        "iops_max" : 73208,
        "iops_mean" : 28817.931034,
        "iops_stddev" : 4508.967497,
        "iops_samples" : 116
      },
      "write" : {
        "io_bytes" : 0,
        "io_kbytes" : 0,
        "bw_bytes" : 0,
        "bw" : 0,
        "iops" : 0.000000,
        "runtime" : 0,
        "total_ios" : 0,
        "short_ios" : 0,
        "drop_ios" : 0,
        "slat_ns" : {
          "min" : 0,
          "max" : 0,
          "mean" : 0.000000,
          "stddev" : 0.000000,
          "N" : 0
        },
        "clat_ns" : {
          "min" : 0,
          "max" : 0,
          "mean" : 0.000000,
          "stddev" : 0.000000,
          "N" : 0
        },
        "lat_ns" : {
          "min" : 0,
          "max" : 0,
          "mean" : 0.000000,
          "stddev" : 0.000000,
          "N" : 0
        },
        "bw_min" : 0,
        "bw_max" : 0,
        "bw_agg" : 0.000000,
        "bw_mean" : 0.000000,
        "bw_dev" : 0.000000,
        "bw_samples" : 0,
        "iops_min" : 0,
        "iops_max" : 0,
        "iops_mean" : 0.000000,
        "iops_stddev" : 0.000000,
        "iops_samples" : 0
      },
      "trim" : {
        "io_bytes" : 0,
        "io_kbytes" : 0,
        "bw_bytes" : 0,
        "bw" : 0,
        "iops" : 0.000000,
        "runtime" : 0,
        "total_ios" : 0,
        "short_ios" : 0,
        "drop_ios" : 0,
        "slat_ns" : {
          "min" : 0,
          "max" : 0,
          "mean" : 0.000000,
          "stddev" : 0.000000,
          "N" : 0
        },
        "clat_ns" : {
          "min" : 0,
          "max" : 0,
          "mean" : 0.000000,
          "stddev" : 0.000000,
          "N" : 0
        },
        "lat_ns" : {
          "min" : 0,
          "max" : 0,
          "mean" : 0.000000,
          "stddev" : 0.000000,
          "N" : 0
        },
        "bw_min" : 0,
        "bw_max" : 0,
        "bw_agg" : 0.000000,
        "bw_mean" : 0.000000,
        "bw_dev" : 0.000000,
        "bw_samples" : 0,
        "iops_min" : 0,
        "iops_max" : 0,
        "iops_mean" : 0.000000,
        "iops_stddev" : 0.000000,
        "iops_samples" : 0
      },
      "sync" : {
        "total_ios" : 0,
        "lat_ns" : {
          "min" : 0,
          "max" : 0,
          "mean" : 0.000000,
          "stddev" : 0.000000,
          "N" : 0
        }
      },
      "job_runtime" : 60000,
      "usr_cpu" : 0.700000,
      "sys_cpu" : 1.865000,
      "ctx" : 462748,
      "majf" : 0,
      "minf" : 44,
      "iodepth_level" : {
        "1" : 100.000000,
        "2" : 0.000000,
        "4" : 0.000000,
        "8" : 0.000000,
        "16" : 0.000000,
        "32" : 0.000000,
        ">=64" : 0.000000
      },
      "iodepth_submit" : {
        "0" : 0.000000,
        "4" : 100.000000,
        "8" : 0.000000,
        "16" : 0.000000,
        "32" : 0.000000,
        "64" : 0.000000,
        ">=64" : 0.000000
      },
      "iodepth_complete" : {
        "0" : 0.000000,
        "4" : 100.000000,
        "8" : 0.000000,
        "16" : 0.000000,
        "32" : 0.000000,
        "64" : 0.000000,
        ">=64" : 0.000000
      },
      "latency_ns" : {
        "2" : 0.137546,
        "4" : 0.000000,
        "10" : 0.000000,
        "20" : 0.000000,
        "50" : 0.000000,
        "100" : 0.000000,
        "250" : 0.000000,
        "500" : 0.000000,
        "750" : 0.000000,
        "1000" : 0.000000
      },
      "latency_us" : {
        "2" : 0.133131,
        "4" : 0.028113,
        "10" : 0.268121,
        "20" : 14.406764,
        "50" : 0.508130,
        "100" : 0.032063,
        "250" : 83.682000,
        "500" : 0.491633,
        "750" : 0.256040,
        "1000" : 0.046236
      },
      "latency_ms" : {
        "2" : 0.010000,
        "4" : 0.010000,
        "10" : 0.000000,
        "20" : 0.000000,
        "50" : 0.000000,
        "100" : 0.000000,
        "250" : 0.000000,
        "500" : 0.000000,
        "750" : 0.000000,
        "1000" : 0.000000,
        "2000" : 0.000000,
        ">=2000" : 0.000000
      },
      "latency_depth" : 1,
      "latency_target" : 0,
      "latency_percentile" : 100.000000,
      "latency_window" : 0
    }
  ]
}
